,APC_exp,ATM_exp,AXIN2_exp,BAP1_exp,BARD1_exp,BMPR1A_exp,BRCA1_exp,BRCA2_exp,BRIP1_exp,CDH1_exp,CDK4_exp,CDKN2A_exp,CDKN2B_exp,CDKN1B_exp,CHECK2_exp,CTNNA1_exp,DICER1_exp,EPCAN_exp,FH_exp,FLCN_exp,GREM1_exp,HOXB13_exp,KIT_exp,MAX_exp,MEN1_exp,MET_exp,MITF_exp,MLH_exp,MSH2_exp,MSH3_exp,MSH6_exp,MUTYH_exp,NF1_exp,NTHL1_exp,PALB2_exp,PDGFRQ_exp,PMS2_exp,POLD1_exp,POLE_exp,PTEN_exp,PTCH1_exp,RAD51C_exp,RAD51D_exp,RED_exp,SDHA_exp,SDHAF2_exp,SDHB_exp,SDHC_exp,SDHD_exp,SMAD4_exp,STK11_exp,TMEM127_exp,TP53_exp,TSC2_exp,VHL_exp,APC_cn,ATM_cn,AXIN2_cn,BAP1_cn,BARD1_cn,BMPR1A_cn,BRCA1_cn,BRCA2_cn,BRIP1_cn,CDH1_cn,CDK4_cn,CDKN2A_cn,CDKN2B_cn,CDKN1B_cn,CHECK2_cn,CTNNA1_cn,DICER1_cn,EPCAN_cn,FH_cn,FLCN_cn,GREM1_cn,HOXB13_cn,KIT_cn,MAX_cn,MEN1_cn,MET_cn,MITF_cn,MLH_cn,MSH2_cn,MSH3_cn,MSH6_cn,MUTYH_cn,NF1_cn,NTHL1_cn,PALB2_cn,PDGFRQ_cn,PMS2_cn,POLD1_cn,POLE_cn,PTEN_cn,PTCH1_cn,RAD51C_cn,RAD51D_cn,RED_cn,SDHA_cn,SDHAF2_cn,SDHB_cn,SDHC_cn,SDHD_cn,SMAD4_cn,STK11_cn,TMEM127_cn,TP53_cn,TSC2_cn,VHL_cn,APC,ATM,AXIN2,BAP1,BARD1,BMPR1A,BRCA1,BRCA2,BRIP1,CDH1,CDK4,CDKN2A,CDKN2B,CDKN1B,CHECK2,CTNNA1,DICER1,EPCAN,FH,FLCN,GREM1,HOXB13,KIT,MAX,MEN1,MET,MITF,MLH,MSH2,MSH3,MSH6,MUTYH,NF1,NTHL1,PALB2,PDGFRQ,PMS2,POLD1,POLE,PTEN,PTCH1,RAD51C,RAD51D,RED,SDHA,SDHAF2,SDHB,SDHC,SDHD,SMAD4,STK11,TMEM127,TP53,TSC2,VHL,target_column
0,1,0,0,0,0,0,1,1,0,1,0,0,0,1,0,1,1,0,0,1,0,1,1,0,1,0,1,1,0,1,0,0,1,0,1,0,0,1,1,0,0,0,1,1,0,1,0,1,1,1,1,0,1,1,1,1,1,1,0,1,1,1,0,1,0,0,1,0,1,1,0,1,1,0,1,1,1,1,0,0,1,0,1,1,0,0,0,0,1,0,1,1,1,0,1,1,1,0,1,1,0,1,0,0,1,0,0,0,1,0,1,0,0,1,0,1,1,1,0,0,1,0,1,0,0,0,0,0,0,0,0,0,1,1,0,1,1,0,1,1,0,0,1,0,1,0,0,0,1,0,1,0,0,1,1,0,0,0,1,0,1,1,1,1,0,0
1,0,1,1,1,1,0,1,0,0,0,0,1,1,0,0,0,1,1,1,0,0,1,0,0,0,0,0,0,1,0,0,0,1,0,0,1,1,0,0,1,1,0,0,0,1,0,0,1,1,1,1,0,1,0,1,0,0,1,0,0,0,1,0,1,0,1,0,1,0,1,0,1,0,0,0,1,1,0,0,1,0,1,0,0,0,0,0,0,1,0,1,1,0,1,0,0,1,0,1,1,1,0,0,1,1,1,1,0,0,1,0,1,0,0,0,1,0,0,1,1,1,1,1,1,1,0,1,0,0,0,0,0,1,1,1,0,1,1,0,0,1,1,1,0,1,1,1,1,1,0,1,0,1,1,1,1,1,0,1,0,1,0,1,1,0,0
2,1,1,1,0,0,0,0,0,0,1,0,1,1,0,0,0,0,1,0,0,1,1,0,1,0,0,1,1,1,1,0,1,0,1,0,0,1,0,0,1,1,0,0,0,0,0,0,0,0,1,0,0,0,0,0,1,0,1,1,1,1,0,0,0,1,0,1,1,1,1,1,1,1,1,0,1,0,1,1,0,1,1,0,1,1,0,0,1,1,1,0,0,1,1,1,1,0,0,0,1,0,0,1,1,1,0,0,0,0,1,1,1,1,0,1,0,0,0,1,0,1,1,1,0,1,1,0,0,0,1,0,0,0,0,0,0,1,0,0,0,0,1,1,0,0,1,1,1,0,1,1,1,0,0,1,0,1,0,0,0,1,1,0,1,1,1
3,0,0,1,0,1,1,0,0,1,1,1,1,1,0,0,1,1,0,1,1,1,1,0,1,0,1,0,0,0,0,1,1,1,0,1,1,1,0,0,0,1,0,0,0,1,0,1,1,0,0,0,0,1,1,1,1,0,0,1,1,0,0,1,1,1,1,1,1,0,0,1,1,1,0,1,0,1,0,1,1,1,0,0,1,1,0,1,0,1,0,0,1,0,0,1,1,1,1,1,0,1,1,1,1,0,1,0,0,1,1,1,1,1,0,1,0,0,0,0,1,1,0,1,1,0,0,1,1,0,0,1,1,0,1,0,0,0,1,0,0,1,1,0,0,1,0,0,1,0,1,1,0,1,1,0,1,0,1,1,1,1,0,0,0,0,0
4,1,1,1,0,1,1,1,1,1,1,1,1,0,1,1,1,1,1,1,0,1,1,0,1,1,1,1,0,0,0,0,0,1,1,1,0,0,1,0,1,0,0,1,0,1,0,1,1,0,1,1,1,1,1,0,1,0,1,0,1,0,0,1,1,0,0,1,1,0,0,1,0,1,0,1,0,1,1,0,0,0,0,0,1,1,0,1,0,0,0,0,1,0,0,1,1,0,1,0,0,0,1,1,0,1,0,0,1,1,1,1,0,0,0,0,1,0,0,1,1,0,1,1,0,1,1,1,1,0,0,1,0,1,0,1,1,1,1,0,0,0,1,1,1,0,1,1,1,1,0,0,1,1,1,0,0,1,0,0,1,0,1,1,1,0,0
5,1,0,0,0,1,0,0,1,1,1,1,0,0,0,1,0,0,1,1,0,1,0,0,0,0,1,1,1,0,1,1,0,1,0,1,0,1,0,1,1,1,1,1,0,0,1,0,1,0,1,0,0,1,1,1,1,1,0,0,1,1,0,0,1,0,0,1,1,0,1,0,0,1,0,0,0,0,1,1,1,0,1,0,0,1,1,1,1,1,0,0,0,0,1,0,1,0,0,1,1,0,1,0,1,1,0,0,1,1,0,1,0,1,1,1,1,0,1,1,0,0,1,0,0,1,1,1,0,0,0,0,1,0,0,1,0,0,0,0,1,0,1,1,0,0,0,1,1,1,0,1,0,0,0,1,1,1,0,1,1,1,1,0,0,0,1
6,1,0,1,0,0,0,1,1,1,0,1,1,0,1,1,1,0,1,1,1,1,0,0,1,1,1,0,0,0,1,0,0,0,1,1,0,1,1,1,1,1,1,1,1,0,0,1,1,0,1,0,1,1,0,0,1,1,0,1,0,0,0,1,0,0,0,1,0,1,1,0,0,1,1,0,0,0,1,1,0,1,1,1,1,1,1,1,1,0,0,1,0,1,1,1,1,1,1,0,0,0,1,1,0,1,0,1,1,1,1,0,0,0,1,1,1,0,0,0,1,1,0,0,0,1,0,1,0,0,0,0,0,0,1,0,1,0,0,0,0,0,0,0,0,1,0,0,0,0,0,1,0,1,1,1,0,1,1,1,0,0,0,1,0,1,1
7,0,1,1,0,0,1,1,1,0,1,1,0,1,0,1,1,1,1,1,1,1,0,1,0,0,1,1,1,0,0,1,0,1,1,0,1,0,0,0,0,1,1,1,1,1,0,1,1,0,1,0,0,1,1,1,0,0,0,0,1,1,1,1,0,0,1,0,1,1,1,0,0,0,0,1,1,1,1,1,1,1,1,0,1,0,1,0,0,1,0,0,0,0,0,0,0,1,1,0,0,1,1,0,1,1,1,0,1,0,1,0,0,0,0,0,0,1,0,1,1,0,1,1,0,0,0,1,1,1,1,0,0,1,1,0,1,0,1,1,1,1,1,0,1,1,0,0,1,1,1,1,1,0,1,1,1,0,1,0,1,1,0,1,0,1,0
8,0,1,1,1,1,0,1,0,0,0,1,1,1,1,0,0,0,0,1,0,0,1,0,0,0,1,1,1,0,1,1,1,0,0,0,0,0,1,0,1,1,1,0,0,1,0,1,0,1,1,1,0,1,0,1,1,0,0,1,1,1,1,1,1,0,1,1,1,1,1,0,0,0,1,0,0,0,1,0,1,1,0,0,0,0,0,1,0,0,0,1,1,1,1,1,1,0,1,1,1,1,1,1,0,0,0,1,0,0,1,0,0,1,0,0,0,0,1,0,0,1,0,1,1,0,1,1,0,0,0,0,1,1,1,0,0,1,0,1,0,0,0,1,1,1,1,1,1,0,0,0,1,1,0,0,1,0,1,1,0,0,1,0,1,0,1
9,1,1,1,0,0,0,1,0,1,0,0,1,0,0,1,1,0,1,0,0,1,0,0,0,1,1,1,0,1,0,1,1,1,1,1,0,0,0,1,0,0,1,0,0,0,0,0,0,1,0,1,0,0,1,0,0,1,0,0,0,0,0,0,1,1,0,1,0,1,1,0,1,1,0,0,1,1,0,1,0,0,1,1,1,0,1,0,0,1,0,1,0,0,0,0,0,0,0,1,0,0,0,0,1,0,1,0,1,0,1,1,1,0,0,0,0,0,0,1,1,1,0,1,1,1,0,0,0,0,1,0,1,1,0,0,1,1,1,0,0,0,1,1,0,0,1,0,1,1,1,1,1,1,1,1,0,1,1,0,0,0,1,1,0,0,1
10,1,0,1,0,0,1,1,1,0,0,1,1,1,1,1,0,0,0,1,1,1,0,0,1,0,0,0,1,1,0,0,0,1,0,0,0,0,0,1,1,0,1,1,0,0,0,1,1,1,1,1,0,1,0,0,1,1,1,1,1,0,0,1,1,0,1,0,0,0,0,1,1,1,1,0,0,1,1,1,0,0,0,0,0,0,1,0,1,1,0,0,0,0,1,1,1,0,0,0,1,0,1,1,0,0,0,1,1,1,0,0,0,1,0,0,0,1,0,0,0,0,1,1,1,1,0,1,1,1,0,0,0,1,1,0,0,1,1,1,0,0,1,1,0,1,0,1,0,1,0,1,0,0,1,1,1,0,1,0,1,1,1,0,0,0,0
11,1,1,1,1,0,1,0,0,0,1,1,0,0,1,0,0,1,0,0,1,0,0,1,1,1,1,1,1,1,1,0,1,1,1,0,1,1,1,1,1,1,0,1,1,1,0,0,0,1,1,1,0,0,0,0,0,0,0,1,1,0,0,1,0,0,1,0,1,0,1,0,0,1,1,1,1,0,0,0,0,1,0,1,1,0,0,1,0,0,1,0,0,1,0,1,0,1,1,0,0,1,1,0,1,1,0,1,0,1,0,0,0,1,1,1,1,1,1,0,1,0,0,0,0,0,1,1,0,1,0,0,0,1,0,0,0,1,1,1,1,0,1,0,0,0,1,1,0,1,0,0,1,0,1,1,0,1,0,1,0,1,1,1,1,1,0
12,0,1,1,1,0,0,1,0,1,0,1,1,0,0,0,1,1,1,0,1,0,0,0,0,1,0,1,1,1,0,0,1,1,1,1,1,0,0,1,1,1,1,0,0,1,1,1,0,1,1,0,0,1,0,1,1,0,1,0,0,1,1,1,1,1,0,0,1,0,0,0,1,0,0,1,0,0,0,0,1,1,0,1,1,1,0,0,0,0,1,0,0,1,0,0,0,1,0,1,1,0,1,0,0,0,0,1,1,0,1,0,0,1,0,1,0,1,1,1,1,1,1,1,0,0,1,0,1,1,0,0,1,0,1,1,1,1,1,1,1,0,0,0,1,0,1,0,1,1,0,1,1,0,1,1,1,0,0,0,0,1,1,0,0,1,1
13,0,1,1,1,1,1,1,1,1,0,0,0,1,1,1,1,1,0,1,0,0,0,1,0,0,0,1,1,0,1,0,1,1,1,0,0,1,0,0,0,1,0,0,1,1,0,1,1,0,0,1,0,0,1,0,1,1,1,0,1,0,1,0,1,0,0,1,1,1,1,1,0,0,0,0,0,1,1,1,1,1,0,0,1,0,1,0,1,0,0,1,0,0,0,0,0,1,0,1,1,1,0,1,0,1,1,0,1,1,1,0,0,0,1,1,0,0,1,1,1,1,1,0,1,0,0,1,0,1,0,0,1,1,0,0,0,1,1,1,0,0,0,1,1,0,0,1,1,1,1,1,1,1,1,0,0,0,0,1,1,1,1,1,1,0,1
14,0,1,0,1,0,0,1,1,1,1,1,0,1,1,1,1,0,0,0,1,1,0,1,0,1,1,1,0,1,1,1,1,0,1,0,0,1,0,1,1,1,1,0,1,1,1,0,1,0,0,1,1,1,1,0,0,1,1,1,0,1,0,0,0,1,1,0,0,0,0,0,1,1,0,1,1,0,0,1,1,1,0,1,0,0,0,1,1,0,0,1,1,1,1,1,0,0,0,0,0,1,0,0,0,0,1,1,1,0,0,1,1,1,0,0,1,1,1,0,1,0,0,0,0,1,1,0,1,1,0,0,1,0,1,1,1,0,1,1,0,1,1,1,1,0,0,1,0,1,1,0,0,1,1,0,0,0,0,1,0,0,1,1,1,1,0
15,0,0,1,1,0,0,1,1,0,0,1,1,0,1,1,1,1,0,1,0,1,0,0,0,1,1,0,0,1,1,0,0,1,1,0,0,0,1,0,1,0,1,1,1,1,0,1,0,0,1,1,0,1,0,0,0,1,0,1,1,0,0,0,0,0,0,1,0,0,1,1,0,0,0,1,0,1,1,0,0,1,0,1,1,1,1,0,0,1,0,1,1,1,0,1,1,1,1,0,0,1,1,0,0,0,1,1,0,1,0,1,1,0,0,1,1,1,1,1,1,0,1,0,0,1,1,1,1,0,1,0,1,1,0,1,1,1,1,1,0,0,0,1,1,1,0,0,0,0,0,0,1,0,0,0,0,0,0,0,0,1,0,0,1,1,1
16,1,1,0,0,1,1,0,0,1,0,0,0,0,1,1,1,1,0,0,1,1,1,1,0,1,1,0,1,1,0,0,0,0,0,0,1,1,0,1,1,0,1,1,1,0,0,1,0,0,0,0,1,0,1,0,1,0,1,1,1,0,1,1,0,1,1,1,1,1,1,0,1,1,0,1,0,0,0,0,0,1,0,0,0,0,1,1,0,1,0,0,0,0,1,1,0,0,0,0,1,1,0,0,0,0,1,1,1,1,1,0,0,0,1,0,1,0,0,1,0,1,0,1,1,1,1,1,1,1,1,1,0,1,1,0,0,0,1,0,0,1,0,0,0,1,0,0,0,0,0,0,0,0,1,1,0,1,0,1,0,0,0,1,1,1,0
17,1,0,1,1,0,0,0,0,0,0,1,0,0,1,1,1,1,1,1,0,1,1,1,1,0,0,0,0,0,0,0,1,1,1,1,1,1,0,1,0,1,0,0,0,1,0,0,0,1,0,0,1,0,0,1,1,1,1,0,1,0,0,0,0,0,1,1,0,1,0,1,1,1,0,0,1,0,0,0,0,1,1,1,1,0,0,1,0,0,0,0,0,0,0,0,0,1,1,0,1,0,0,0,1,0,0,0,1,0,0,1,1,0,0,1,0,1,1,1,0,0,0,1,1,0,0,1,0,1,1,1,0,0,1,1,0,1,1,1,1,1,1,0,0,1,1,0,1,1,0,0,1,1,0,0,0,1,1,1,1,0,1,0,1,1,0
18,0,0,0,1,1,0,0,1,1,0,0,0,1,1,0,0,0,1,1,1,0,0,1,1,1,0,1,1,0,0,1,0,1,1,1,1,0,1,1,0,1,0,0,0,1,0,1,0,1,0,0,1,0,1,1,1,0,0,0,1,1,1,1,0,1,1,1,0,0,0,1,1,1,1,0,1,0,0,0,0,0,0,0,1,0,1,0,1,1,0,1,0,0,0,0,1,0,0,0,1,1,0,0,1,0,0,1,1,0,0,1,1,1,1,1,0,1,0,0,1,0,1,0,1,0,1,0,0,1,0,1,1,0,1,0,1,0,1,0,1,1,1,0,1,0,0,0,0,0,0,1,0,1,0,1,1,0,0,1,0,1,1,0,1,0,1
19,0,1,0,1,1,1,0,0,1,0,0,1,1,1,1,1,1,1,0,1,0,0,1,0,1,1,0,1,1,1,0,0,0,1,0,1,0,1,1,0,1,1,0,1,0,1,0,0,1,1,0,0,1,0,1,0,0,0,0,1,0,1,1,0,1,0,0,0,1,0,1,1,1,1,1,0,0,1,1,0,0,0,0,1,1,1,1,1,0,1,1,1,0,0,0,0,1,1,0,1,1,0,1,1,0,1,0,1,0,1,1,0,0,1,1,0,0,1,0,1,0,0,1,1,0,1,0,0,0,1,1,1,0,0,0,1,1,1,1,0,0,1,0,0,0,1,0,1,1,1,1,1,1,0,0,1,0,0,0,1,0,0,0,0,0,0
20,1,1,0,0,1,0,1,0,0,1,0,1,0,1,1,0,1,1,1,1,1,1,0,0,1,0,0,1,1,0,0,0,0,0,1,0,1,0,0,1,0,0,0,0,1,1,0,0,0,1,1,1,0,1,1,1,1,0,1,0,1,1,1,1,0,0,1,0,1,0,0,0,1,0,0,1,0,0,0,0,0,0,0,0,0,0,0,1,0,1,0,0,1,1,0,1,0,0,1,1,0,0,0,0,0,0,1,1,1,0,0,0,0,1,1,0,1,1,1,0,1,1,1,1,1,0,0,1,0,1,1,1,0,1,1,1,0,0,1,0,1,0,1,0,0,0,0,1,0,0,0,0,0,1,1,0,0,1,0,0,1,1,1,1,1,0
21,1,0,0,0,0,0,1,0,1,1,1,1,1,1,0,1,0,1,0,0,0,0,1,1,1,0,1,0,0,0,0,0,1,1,0,1,0,1,1,1,0,0,0,0,1,1,1,1,0,1,0,0,0,0,1,0,0,0,1,0,0,0,0,1,1,0,0,0,0,0,0,1,0,1,0,0,1,0,1,1,0,1,1,1,1,1,1,1,1,1,1,1,0,1,1,1,1,0,1,1,0,0,0,1,0,1,0,0,0,0,1,1,1,0,0,0,1,0,1,1,0,1,1,1,0,0,1,0,0,1,0,1,1,1,1,1,1,0,0,0,1,1,1,0,0,0,0,0,0,0,0,0,1,1,1,1,0,0,0,0,0,0,1,0,0,0
22,1,1,1,0,0,1,1,0,0,1,0,1,0,0,1,1,1,1,1,1,1,1,1,1,0,0,1,0,1,1,0,0,1,1,1,1,0,0,0,1,1,0,0,1,0,1,0,0,0,0,0,0,0,0,1,1,1,0,1,1,1,0,0,0,1,0,0,1,1,0,1,1,0,1,1,1,0,0,0,1,1,1,0,1,0,0,0,1,1,1,1,1,0,0,0,0,0,1,0,0,1,1,0,0,0,1,1,0,1,0,1,0,1,0,0,1,0,0,1,0,1,0,0,0,0,0,1,0,0,0,1,1,0,1,1,1,1,0,1,1,0,0,1,1,0,1,0,0,0,1,0,1,1,1,0,0,1,0,1,0,0,1,0,0,0,1
23,1,0,1,1,1,1,1,1,1,0,1,0,0,0,0,1,1,1,0,1,0,1,0,1,0,0,0,1,0,0,1,1,0,1,1,0,1,0,0,1,1,0,1,1,0,1,0,0,0,1,0,0,1,1,1,0,1,1,1,0,0,0,0,0,0,1,0,0,1,0,1,1,1,0,1,1,1,1,1,0,0,1,0,0,1,0,1,1,0,0,0,0,0,0,1,0,1,0,1,1,0,1,1,0,1,1,0,1,1,0,0,1,1,0,1,1,1,0,0,1,0,0,1,0,0,1,1,1,0,1,1,1,0,1,0,0,0,1,0,0,1,1,1,0,1,1,1,0,0,0,1,0,1,0,1,1,1,1,1,1,1,0,0,0,0,1
24,1,0,0,0,1,1,1,1,1,1,0,1,0,1,1,1,1,1,1,1,0,0,1,0,0,0,0,1,0,0,1,0,0,1,1,0,0,1,0,1,1,1,1,0,1,0,0,0,0,0,1,0,1,0,1,0,0,1,1,1,0,0,0,1,0,0,1,1,1,0,0,1,1,1,1,1,1,1,0,0,1,1,1,1,0,0,1,0,0,1,1,0,1,1,0,1,0,0,0,0,1,1,0,1,1,0,1,1,0,1,0,0,1,0,1,0,0,1,0,0,0,1,0,1,0,1,1,0,1,1,0,1,1,0,0,1,1,0,0,1,1,0,0,1,0,0,1,1,1,1,1,0,0,0,1,1,0,1,1,0,1,1,0,1,0,0
25,0,1,0,0,0,0,1,0,1,0,0,0,0,1,1,0,1,1,0,0,0,0,1,1,1,0,0,0,1,1,1,1,0,0,0,0,1,0,1,0,1,1,0,1,0,0,0,0,1,1,1,1,0,1,1,0,0,0,0,0,1,0,1,1,0,1,1,0,0,0,1,0,1,0,1,0,0,0,0,0,1,1,0,0,0,1,1,0,0,0,1,1,1,0,0,0,0,0,0,0,1,1,1,1,1,1,1,0,0,1,0,1,0,0,0,1,1,1,1,1,1,0,1,1,1,0,0,1,0,0,1,0,1,1,0,1,1,1,1,0,0,1,1,1,0,0,1,1,0,1,1,0,1,1,0,1,1,1,1,0,1,0,0,1,0,0
26,0,0,0,0,0,1,0,1,1,1,1,0,0,0,0,1,0,0,0,1,0,0,1,0,1,1,0,1,0,0,1,0,0,1,1,0,0,1,0,1,0,0,1,1,0,1,0,1,0,0,0,1,1,0,1,0,0,0,1,0,0,0,1,1,1,1,1,1,0,1,0,1,1,1,1,0,1,0,1,0,0,0,1,0,0,0,0,1,0,0,0,1,0,0,1,0,1,0,0,0,0,1,1,1,1,1,0,1,0,0,1,0,0,0,1,0,0,1,1,0,1,0,0,0,0,1,0,0,0,0,0,0,0,1,0,0,1,1,1,1,1,0,0,0,0,1,1,0,0,0,0,1,1,0,0,0,0,0,1,1,1,1,1,0,1,1
27,1,1,0,0,0,0,0,0,0,0,1,0,1,0,0,0,0,0,1,1,1,0,1,1,0,0,0,1,0,0,1,0,0,1,1,1,0,1,0,1,0,0,0,0,0,0,1,0,0,1,1,0,0,1,0,1,0,1,0,0,1,0,0,0,0,1,0,0,1,1,0,0,0,1,0,1,1,1,1,0,0,1,1,1,0,1,0,1,0,0,0,0,0,1,1,0,1,0,0,0,1,0,1,1,1,0,0,1,1,1,0,1,1,0,1,1,0,1,0,0,0,1,0,0,0,1,0,0,0,1,0,0,0,1,0,1,0,1,1,0,0,1,1,1,0,0,0,1,0,0,0,0,0,0,1,1,0,0,1,0,0,1,0,0,1,0
28,1,1,0,1,0,0,0,1,0,1,1,0,0,1,0,0,0,1,1,1,1,1,0,1,1,0,0,1,0,0,0,1,0,1,0,0,1,1,1,0,0,1,0,0,0,1,0,1,1,1,0,0,0,0,1,1,0,0,0,1,1,1,0,0,0,1,1,1,1,1,0,0,1,0,0,1,1,1,0,0,1,0,1,1,1,1,0,1,1,1,0,0,1,1,0,1,0,0,0,1,1,1,1,1,1,1,0,1,1,1,0,0,0,0,1,1,0,0,0,1,0,0,0,1,0,0,0,1,0,0,1,0,1,1,0,0,1,1,0,0,1,1,1,1,0,1,0,0,0,0,1,1,0,1,0,0,0,1,0,1,1,1,1,1,1,1
29,1,1,0,1,1,0,1,1,0,1,1,1,1,1,0,1,1,1,1,0,0,1,1,0,1,0,0,0,1,1,0,0,0,1,0,1,1,1,0,1,1,1,0,0,0,1,0,0,0,1,0,0,0,1,1,1,0,1,1,0,0,0,0,1,0,0,1,0,0,1,0,1,0,0,1,1,1,1,0,1,1,1,0,0,1,1,1,0,1,1,1,0,1,0,1,0,1,1,1,0,0,0,0,1,1,0,1,1,0,0,0,1,1,0,1,1,1,0,1,1,1,1,1,1,0,0,1,0,0,0,0,0,0,1,1,0,0,0,0,0,1,1,0,1,1,1,0,0,0,1,1,0,1,1,1,0,0,1,1,1,1,0,1,1,1,0
30,0,1,0,0,1,0,0,0,0,1,0,0,0,0,1,1,1,1,1,1,1,0,0,0,1,0,1,0,1,0,1,0,1,0,1,0,1,0,1,0,0,1,0,1,0,0,0,1,1,1,0,1,1,0,1,1,1,1,1,0,0,0,0,1,0,1,1,1,0,0,0,1,1,1,0,0,1,0,0,0,1,1,1,1,1,0,1,0,0,0,1,0,1,1,0,1,1,0,0,1,0,1,1,1,1,1,1,1,1,0,0,0,0,0,0,0,0,1,0,0,1,1,0,1,0,1,0,1,0,1,0,0,0,1,0,1,1,0,1,1,1,0,0,1,0,1,0,1,1,0,1,0,0,1,1,0,0,0,0,0,0,1,0,1,0,0
31,1,0,1,0,0,1,1,1,1,0,0,0,1,0,1,0,0,0,0,0,1,1,1,1,1,1,0,1,0,1,0,0,0,1,0,1,1,1,1,0,1,1,1,0,0,1,0,0,0,1,0,1,0,1,0,0,0,0,0,1,0,1,1,1,1,1,1,1,1,1,1,0,0,0,1,1,0,1,1,1,1,1,0,0,1,0,0,1,1,1,1,0,1,0,1,1,1,1,0,0,1,0,1,1,1,0,1,1,1,0,1,1,0,1,1,0,1,0,1,0,0,1,0,1,1,1,0,1,0,1,1,0,0,0,0,1,0,1,1,1,0,1,0,1,0,0,0,0,1,0,0,1,0,1,1,1,0,1,1,1,0,1,1,1,0,1
32,0,0,0,1,1,1,0,1,1,0,1,0,0,0,1,1,0,0,1,1,1,1,0,0,0,0,1,0,0,1,0,1,1,1,0,0,0,1,0,0,1,0,1,1,0,0,1,0,1,1,0,1,0,1,1,0,1,1,0,1,1,0,1,1,0,0,0,0,0,1,0,1,0,0,0,1,0,0,0,1,0,1,1,1,0,1,0,1,0,1,1,0,0,1,1,0,0,0,1,0,1,1,0,0,1,1,1,1,0,0,0,1,0,1,0,1,1,1,1,0,1,0,1,0,0,1,1,0,1,1,1,0,0,0,0,1,1,1,0,0,1,0,0,0,0,1,1,1,0,0,0,0,1,0,1,1,0,1,0,1,1,1,0,0,0,1
33,0,1,1,0,1,0,0,0,1,0,0,1,0,0,1,0,0,0,1,0,1,0,1,0,1,0,0,1,0,1,0,0,1,0,0,1,0,1,1,1,1,0,1,0,1,1,0,0,0,1,1,1,1,0,1,1,0,1,1,1,1,0,1,0,1,1,0,1,1,1,0,0,0,0,0,0,1,0,1,0,1,0,1,0,0,0,1,0,1,1,1,0,0,0,1,1,0,1,1,1,0,1,1,1,1,0,0,0,1,0,1,0,1,1,0,0,0,1,0,1,1,1,1,1,0,1,1,0,0,0,1,0,0,1,1,0,1,0,1,1,0,1,0,0,0,1,1,0,0,0,1,0,0,0,1,1,1,0,1,1,0,0,0,1,1,1
34,0,1,1,0,1,0,1,1,1,0,1,0,1,1,0,0,1,0,1,1,1,1,1,1,1,1,0,0,1,0,0,1,1,1,1,0,0,1,0,0,0,0,1,1,0,1,1,0,1,0,0,1,1,0,1,1,0,1,1,1,0,0,0,1,0,1,1,0,1,1,1,1,1,1,0,0,0,1,0,0,0,1,0,0,0,0,1,1,1,0,0,1,1,1,1,0,0,0,1,0,1,0,0,0,0,0,0,0,1,1,1,1,0,0,1,1,1,1,1,0,1,1,1,1,0,0,1,1,1,1,1,0,1,1,0,1,0,1,0,0,0,0,1,1,1,1,1,1,0,0,0,0,1,1,1,0,0,1,1,0,1,0,0,1,1,1
35,0,1,0,0,0,0,1,0,0,1,1,1,0,1,1,1,1,1,0,0,0,1,0,0,0,1,1,0,1,1,1,0,1,0,1,1,1,1,0,0,1,0,0,1,1,1,0,1,1,1,1,0,0,1,0,0,1,1,1,1,1,0,0,1,0,0,0,0,1,0,0,1,0,1,1,1,1,1,1,0,0,1,1,0,1,1,0,1,1,0,0,1,1,0,1,1,1,0,1,0,0,1,1,1,0,0,1,1,1,1,1,0,1,1,0,0,0,0,0,1,1,0,1,1,1,1,1,0,1,0,1,0,0,1,0,0,0,1,0,0,0,1,1,1,0,0,0,1,0,0,1,0,1,1,0,0,0,1,1,0,0,0,1,1,1,1
36,1,1,0,0,0,1,1,1,1,0,1,0,0,1,0,0,1,1,1,0,0,0,1,1,0,0,1,0,0,0,0,0,0,0,0,1,1,0,0,1,0,1,0,1,1,0,1,1,1,1,1,0,0,1,0,0,1,0,1,0,0,0,1,0,0,0,0,1,0,0,0,1,1,1,1,0,0,1,1,0,0,0,1,1,0,1,1,1,0,1,0,1,0,0,1,1,0,1,0,1,0,0,0,0,0,0,1,1,0,1,1,1,0,0,0,0,0,1,1,0,0,1,1,0,1,1,1,1,1,1,1,1,0,0,1,1,0,1,1,1,0,0,1,1,0,1,0,1,1,0,0,0,1,1,1,1,1,1,0,0,1,0,1,1,1,1
37,1,0,0,1,0,0,0,1,0,1,0,0,0,0,1,0,1,0,0,1,1,0,1,1,0,1,1,0,0,0,0,0,0,0,1,0,1,0,0,1,0,1,0,1,0,0,0,1,1,0,0,0,0,1,0,0,0,1,0,0,1,0,0,1,0,1,1,1,0,0,0,1,0,1,0,1,1,0,0,0,1,0,0,0,1,1,1,0,0,1,0,1,0,0,0,1,0,0,1,1,0,1,1,0,1,0,0,0,0,0,0,1,0,0,1,1,0,1,1,0,0,0,1,0,1,1,1,1,1,0,0,0,1,0,1,0,1,0,1,0,1,1,1,1,1,0,0,1,1,0,1,0,0,1,1,1,0,1,1,0,0,0,0,1,0,1
38,0,1,0,0,0,0,1,0,0,0,0,1,0,0,1,1,0,1,0,1,1,1,1,1,0,0,0,0,1,1,1,1,0,1,0,0,1,1,1,0,1,0,1,1,0,0,1,0,1,1,1,1,0,0,0,0,0,1,1,0,0,0,0,0,0,0,1,1,1,0,1,1,1,1,0,0,1,0,1,1,0,0,0,0,1,1,0,1,1,1,0,1,1,1,1,0,0,0,1,0,1,0,1,0,1,1,0,0,1,0,0,1,1,0,0,0,0,0,0,1,1,0,0,1,1,1,1,1,1,0,1,1,0,1,1,1,1,0,1,1,0,1,0,1,0,0,1,1,1,1,1,1,0,0,0,1,0,1,1,1,1,1,1,1,1,0
39,0,0,1,0,0,1,0,0,0,1,1,0,1,0,0,0,1,0,1,1,0,0,1,0,0,1,0,1,0,0,1,0,0,1,0,1,1,1,1,0,0,1,0,0,0,0,1,1,0,0,1,1,0,1,0,0,0,0,0,1,0,1,0,0,0,1,1,0,1,1,1,1,0,1,1,1,1,0,1,0,0,1,1,0,1,0,0,0,1,1,0,0,0,0,1,1,0,1,1,1,0,0,1,1,1,0,0,1,1,0,1,0,1,1,0,0,0,1,1,1,0,1,0,1,0,0,0,0,1,1,0,0,1,0,1,0,1,0,1,1,0,0,1,0,1,0,0,1,0,0,0,1,0,1,1,0,0,0,1,1,0,1,1,1,1,0
40,1,0,1,0,0,0,1,0,0,0,1,1,0,1,1,1,0,0,0,1,0,1,1,1,1,1,1,1,1,0,0,1,0,0,0,1,0,1,1,1,1,1,0,1,1,0,1,1,0,1,1,0,0,0,0,0,0,0,1,0,1,0,0,1,1,1,0,1,0,0,0,1,1,1,0,1,0,0,0,1,1,1,1,0,1,0,1,0,0,0,1,1,1,0,0,1,0,1,1,1,1,0,1,1,0,1,1,1,1,1,1,1,1,1,1,0,1,0,1,1,1,1,0,0,0,0,0,0,1,0,1,0,0,1,0,1,1,0,1,0,1,0,0,0,1,0,0,0,0,1,0,0,0,0,1,0,1,1,0,1,0,1,0,1,1,1
41,1,1,0,1,0,1,0,1,0,0,1,0,0,0,1,0,1,0,1,1,1,0,0,0,1,1,0,0,1,0,0,1,1,0,0,1,0,0,1,0,1,1,0,1,0,0,0,1,0,0,1,0,1,0,0,0,0,0,0,0,1,1,0,0,0,0,0,1,0,0,0,0,0,0,1,0,0,1,0,0,0,1,0,0,1,0,0,1,1,1,1,1,0,1,1,0,0,0,0,0,0,1,0,1,0,1,0,0,0,1,0,0,1,0,0,0,1,0,1,1,0,1,0,1,1,0,1,0,0,0,0,1,0,1,1,0,1,1,0,0,0,0,0,0,1,0,0,1,0,1,1,1,1,0,0,0,1,0,0,1,1,1,1,1,1,0
42,1,0,1,0,1,1,0,0,1,1,0,1,0,1,0,1,0,1,1,0,0,1,1,1,0,1,1,0,0,1,0,0,1,1,1,0,1,0,0,1,0,0,1,1,1,0,1,1,1,0,0,1,1,1,0,0,1,1,0,1,1,0,0,1,1,1,1,0,0,1,0,1,1,1,0,1,1,0,1,1,1,1,1,1,0,1,1,1,0,1,1,1,0,0,0,0,1,0,1,1,1,0,1,0,0,0,0,0,0,1,0,1,1,0,0,1,1,1,0,0,1,0,0,0,0,0,0,0,1,0,1,0,0,1,0,1,1,1,0,0,0,1,1,1,0,0,1,0,0,0,0,1,0,1,1,0,1,1,1,1,1,1,0,1,0,0
43,1,1,1,1,1,1,1,0,1,1,0,0,0,1,1,0,0,1,1,1,1,1,0,1,0,1,0,1,1,1,1,0,1,0,1,0,0,0,0,1,0,0,0,0,1,1,0,1,1,0,1,0,0,1,0,0,1,1,1,1,1,1,0,1,1,0,1,1,0,1,0,1,1,1,0,0,1,0,0,0,0,1,0,0,0,0,1,1,0,0,0,0,1,1,0,1,0,0,1,0,1,0,1,0,0,1,0,0,1,0,1,1,0,0,0,1,0,0,1,1,1,1,0,1,0,1,1,0,0,0,0,1,0,1,0,1,1,0,0,1,1,1,0,1,1,1,0,1,0,0,1,1,0,1,0,0,1,1,1,0,0,1,0,0,0,0
44,0,1,1,1,1,0,0,1,0,1,1,1,0,0,1,1,1,0,0,1,1,0,1,0,1,1,0,1,1,1,0,0,1,0,0,0,0,1,0,1,0,0,0,1,1,0,1,0,0,1,1,1,1,1,1,1,0,1,0,0,1,1,1,1,1,0,0,0,1,1,1,1,1,1,1,0,0,1,1,0,1,0,0,1,1,0,1,0,1,0,0,0,0,1,0,1,1,1,0,0,1,0,1,0,0,1,1,0,1,1,0,0,1,1,1,1,1,1,1,0,1,0,1,1,1,0,0,0,1,0,0,1,0,0,1,1,1,1,0,1,0,0,0,0,1,1,0,1,0,0,1,1,0,1,1,1,1,1,1,1,0,0,1,1,1,0
45,1,0,1,1,0,0,1,0,0,0,0,1,0,0,1,1,1,1,0,0,0,0,1,1,1,0,1,0,0,1,0,1,0,0,0,1,0,0,0,0,1,0,0,1,0,1,0,0,0,0,1,0,1,1,1,0,1,0,0,1,0,1,1,0,0,0,0,0,1,0,1,1,0,1,0,1,0,0,0,0,0,1,0,0,0,0,1,1,0,0,0,0,1,0,1,1,1,0,1,0,0,0,0,0,1,1,1,0,1,0,1,1,0,0,0,0,1,1,0,0,0,1,0,0,0,0,0,1,0,0,1,0,0,0,0,0,0,1,0,0,1,1,0,0,0,1,0,0,0,1,0,0,0,1,1,0,0,0,0,0,1,1,1,1,1,1
46,0,1,0,1,1,1,0,1,0,0,0,0,0,0,1,1,1,0,1,1,1,0,1,1,1,1,1,1,0,0,1,1,0,0,0,1,0,0,1,1,1,0,1,0,1,0,1,0,1,0,0,1,0,0,0,1,0,0,0,0,1,1,1,1,1,0,1,1,0,1,1,1,1,1,0,0,0,1,0,1,0,0,0,1,1,1,1,1,0,1,1,1,0,0,0,0,1,0,1,1,0,1,1,0,1,1,0,0,1,1,1,1,0,1,0,0,0,0,0,1,0,1,1,0,1,1,0,0,1,1,1,1,0,0,0,1,0,1,0,1,1,1,0,0,1,1,0,1,0,0,0,1,1,1,1,1,0,1,0,1,1,0,1,0,1,1
47,0,0,1,0,1,1,0,0,0,0,1,1,0,0,1,1,1,0,0,1,1,0,1,1,1,1,1,0,0,0,1,1,0,0,1,1,1,1,1,1,1,0,1,0,1,1,0,0,0,1,0,1,0,1,0,1,1,0,0,1,0,1,0,1,1,0,0,1,0,1,0,1,0,1,0,0,0,1,1,1,1,0,0,0,0,0,0,0,0,1,0,1,0,1,1,0,0,0,0,1,0,1,1,0,1,0,0,1,0,0,1,1,0,1,1,0,0,1,1,1,0,1,1,1,0,1,0,0,0,0,1,0,1,0,1,0,0,1,0,0,0,1,0,0,0,1,0,1,0,1,1,0,1,1,1,1,0,0,1,0,0,1,0,1,1,1
48,1,0,0,1,1,1,0,1,0,1,0,0,0,0,0,1,1,0,0,1,1,1,0,0,0,0,1,1,0,0,1,1,1,1,0,0,1,0,1,0,0,1,0,1,0,1,1,0,1,1,0,0,1,1,1,1,1,0,0,0,1,0,1,1,0,0,0,1,0,1,1,0,1,0,0,1,0,1,1,0,1,1,1,0,0,1,0,0,0,1,1,0,0,1,1,0,1,0,0,1,1,0,0,1,0,0,0,1,0,0,0,1,0,0,0,1,0,0,1,0,0,0,1,0,1,0,0,0,1,0,1,0,0,0,1,0,0,1,1,0,0,0,0,1,0,1,1,0,1,1,1,0,0,0,0,0,1,0,0,1,0,0,0,0,0,0
49,1,1,1,0,0,0,0,0,1,0,0,0,1,1,1,1,1,0,0,1,0,1,1,1,0,0,1,0,1,1,0,0,1,1,1,0,1,0,0,1,0,1,0,0,1,1,1,0,1,0,1,0,1,0,0,1,0,1,0,1,1,0,0,1,1,0,0,1,1,0,0,0,0,1,0,0,0,0,0,1,1,1,0,0,0,1,1,1,1,1,1,0,1,0,0,1,0,0,1,0,1,1,0,1,1,1,1,1,0,0,1,1,1,0,1,1,1,0,1,1,1,1,1,0,0,0,0,1,0,1,0,1,1,1,0,1,0,0,1,0,0,1,1,0,1,1,0,1,1,1,1,0,0,0,1,0,1,0,0,0,1,1,0,1,1,0
50,0,1,1,0,1,0,0,0,0,0,0,0,1,0,0,0,0,1,0,1,1,0,0,1,1,0,0,1,1,1,0,0,1,1,1,0,0,0,0,1,1,0,0,0,1,0,1,1,1,1,0,0,0,1,0,0,0,0,1,0,0,1,1,1,1,1,0,1,0,0,0,0,1,1,0,0,0,1,0,1,1,0,1,1,0,1,0,0,1,0,0,0,0,1,0,0,1,1,1,1,0,1,0,1,0,1,0,1,0,1,1,1,1,0,0,0,0,0,1,1,1,1,0,0,0,1,1,0,0,0,1,1,0,0,0,1,0,0,1,0,0,0,0,0,1,0,1,1,0,0,1,1,0,0,0,1,0,0,1,1,0,0,0,0,1,0
51,1,0,0,1,0,0,1,1,0,0,0,0,0,1,0,1,0,0,0,0,1,0,0,1,0,1,1,0,0,0,1,0,1,1,0,0,0,1,0,0,1,1,1,0,1,0,0,1,1,0,1,1,0,1,1,1,0,0,0,1,0,0,0,1,1,1,1,1,0,0,0,1,1,0,1,0,1,0,1,1,1,0,1,1,0,0,0,0,1,0,1,0,1,0,0,0,0,1,1,1,1,1,1,1,1,0,0,1,1,1,1,1,1,1,0,1,1,0,0,1,0,1,1,1,0,0,1,1,0,1,1,0,1,1,0,1,1,0,0,1,1,0,1,1,0,0,1,0,1,0,0,0,0,1,1,0,0,0,0,0,0,1,0,1,0,0
52,0,1,1,0,0,0,0,1,1,0,1,0,1,1,1,0,1,0,1,1,1,1,0,0,0,0,0,0,1,0,1,0,1,1,0,1,0,1,0,0,1,0,1,1,0,1,1,1,1,0,0,0,0,1,1,0,0,1,1,1,0,0,0,0,0,0,1,0,0,0,1,1,1,1,0,0,0,1,1,0,0,1,0,0,1,0,0,1,0,0,1,1,0,1,0,0,0,0,1,1,1,0,1,1,0,0,0,1,0,0,1,1,1,0,1,1,0,1,0,0,0,1,1,0,0,0,1,1,0,0,1,0,1,1,1,0,0,0,0,0,0,0,1,0,0,1,0,1,0,1,0,0,0,1,0,0,0,0,1,1,0,1,0,0,0,1
53,1,0,1,0,0,0,1,0,0,1,1,0,0,1,0,1,1,1,1,1,0,0,0,1,0,0,0,0,0,1,0,1,0,1,1,0,0,1,1,0,1,1,1,0,1,1,0,0,1,1,0,1,0,1,0,0,1,1,0,0,1,0,0,1,0,0,0,0,0,1,0,1,1,1,1,1,1,1,0,1,1,0,1,1,1,1,0,1,0,0,1,1,0,1,1,0,0,0,1,0,0,1,1,0,1,1,1,0,1,1,1,1,0,1,0,1,0,1,0,1,0,0,1,0,0,1,0,0,0,1,0,0,0,0,1,0,0,1,1,0,0,1,0,1,0,0,1,1,0,1,0,0,0,0,0,0,1,1,1,1,1,0,0,1,0,0
54,1,1,0,1,0,0,0,0,1,1,1,1,1,0,0,0,0,0,1,0,0,0,1,0,1,1,1,0,1,1,0,1,1,0,1,0,0,1,0,0,1,1,0,1,1,1,0,1,1,0,0,0,0,1,0,1,1,1,1,0,0,1,0,0,0,1,1,1,0,1,1,1,1,1,1,1,1,1,1,1,0,0,0,0,0,1,0,0,0,0,1,1,0,1,0,0,1,1,1,0,1,1,0,0,0,1,1,0,1,1,1,1,0,0,1,1,1,0,0,0,1,1,1,0,0,0,0,1,0,1,1,1,1,0,0,0,0,0,1,1,0,0,0,1,1,0,0,0,1,0,1,1,0,0,1,0,1,1,0,0,1,0,0,0,0,1
55,1,0,1,1,1,1,1,0,0,0,1,1,1,1,0,0,0,0,0,1,0,1,1,1,1,0,1,0,1,0,0,1,1,1,1,1,0,1,0,1,1,1,1,1,0,0,0,0,0,1,0,0,0,0,1,0,0,0,0,1,1,1,0,0,1,0,1,0,1,1,1,0,0,0,0,1,1,0,1,0,0,1,0,1,1,0,0,0,0,0,0,0,1,0,1,0,0,0,1,0,1,1,0,1,1,1,0,0,1,1,1,0,0,0,0,0,1,0,0,0,0,0,0,1,0,0,1,0,0,1,0,1,1,1,0,1,1,1,0,0,0,0,0,1,0,1,0,0,1,1,0,0,1,1,1,1,0,0,1,0,0,1,0,1,0,0
56,1,1,1,0,0,0,0,1,0,1,1,0,1,0,0,1,0,0,0,0,0,1,1,1,1,0,0,0,0,0,0,0,0,0,0,1,1,1,0,0,1,0,0,0,0,0,1,1,0,0,0,1,1,1,0,1,0,1,1,1,1,1,1,0,0,1,0,0,0,0,0,1,0,1,1,1,0,0,1,0,1,1,0,1,0,1,1,0,1,0,0,0,1,1,0,1,1,0,0,0,0,1,0,1,1,1,1,0,1,0,0,1,0,0,1,1,0,1,0,1,1,0,1,0,1,1,1,1,1,0,0,0,1,1,1,1,0,1,0,1,1,0,1,0,0,0,0,0,1,0,0,0,1,0,1,1,1,0,1,1,1,1,1,0,1,0
57,0,1,0,0,1,1,1,0,0,0,0,1,0,0,1,0,0,1,0,0,0,0,1,1,1,1,0,1,0,1,0,0,0,1,1,1,0,0,0,1,0,0,1,1,0,1,0,0,0,0,0,1,0,1,0,0,0,0,0,0,1,1,0,1,1,1,0,0,0,1,1,1,1,0,1,0,0,0,1,1,0,1,1,0,0,0,1,0,0,1,1,1,1,0,0,0,1,1,1,0,0,0,1,0,0,1,1,1,1,1,0,1,1,0,0,1,0,1,1,0,0,0,1,1,1,1,0,0,1,0,0,1,0,1,1,1,0,1,1,1,1,1,0,1,1,1,1,1,0,1,1,1,0,0,1,1,0,1,1,1,0,1,1,1,1,0
58,0,1,0,1,0,1,1,0,1,1,1,0,0,1,1,0,1,0,0,1,0,1,0,0,0,0,1,1,0,0,1,1,0,0,1,0,1,1,1,1,1,1,0,1,1,0,1,0,0,0,0,1,0,1,1,0,1,0,1,0,0,0,0,0,0,1,0,0,0,0,1,1,0,1,0,0,0,1,1,0,1,1,0,0,1,1,0,1,0,1,0,1,1,1,0,1,0,1,0,0,0,0,0,1,0,1,1,1,1,1,0,0,0,0,1,0,0,0,1,0,0,0,0,1,1,0,1,1,1,1,1,0,0,1,0,0,0,0,1,1,1,1,1,0,1,0,1,0,1,1,1,1,0,0,1,0,0,0,0,0,1,0,1,0,1,1
59,0,1,0,1,0,1,1,1,0,1,1,0,0,1,0,0,1,1,0,1,0,1,1,1,0,1,1,1,1,1,0,1,1,0,1,1,0,0,1,0,1,0,0,1,0,1,1,0,0,0,1,0,1,1,0,1,0,0,0,0,0,1,0,1,1,0,0,0,0,1,0,1,1,1,0,0,0,1,0,0,1,1,0,1,1,1,0,0,0,1,0,1,0,0,1,0,1,0,1,0,1,1,0,0,0,1,0,0,0,0,1,0,1,1,0,0,0,1,0,1,0,0,1,0,1,0,1,0,0,1,1,1,0,0,1,1,1,0,0,0,0,1,1,1,0,0,1,1,1,0,0,0,1,0,1,1,0,0,1,0,1,1,1,0,1,0
60,0,1,0,0,0,0,1,0,1,0,1,0,1,0,1,0,1,0,1,0,0,1,0,0,0,1,1,1,0,1,0,1,0,1,1,0,0,0,1,1,1,0,0,1,0,0,1,0,0,1,0,1,1,1,0,1,0,0,1,1,0,1,1,1,0,0,0,0,0,1,0,0,0,0,0,0,0,1,1,0,1,0,0,0,0,1,1,1,1,1,1,0,1,1,1,0,0,1,0,0,0,1,1,0,1,0,1,1,0,1,0,1,0,0,1,1,1,1,0,1,0,1,1,1,1,0,1,0,0,1,0,1,1,0,0,0,1,0,1,1,1,0,1,1,0,1,0,1,1,1,0,1,1,1,0,1,0,1,1,1,0,1,1,0,1,0
61,1,1,0,0,1,0,1,1,0,0,1,0,0,1,1,1,1,1,0,1,0,0,0,0,0,1,1,1,0,0,0,0,1,0,1,0,0,0,1,0,1,0,0,0,0,0,1,1,1,1,0,0,0,0,1,1,0,1,1,0,1,1,0,0,0,1,0,0,1,0,1,0,0,0,0,0,0,0,1,1,0,0,0,0,0,0,0,0,0,0,1,1,0,1,0,0,1,0,1,1,0,1,0,0,0,0,1,1,0,0,1,1,1,0,1,1,0,1,0,0,0,1,1,1,0,1,0,0,1,1,1,0,1,0,0,1,1,1,1,0,0,1,0,1,1,0,0,0,1,0,0,0,0,0,0,0,0,1,1,1,1,0,1,0,0,0
62,0,1,0,1,1,0,1,0,0,0,0,0,1,1,0,1,1,1,1,1,1,0,0,1,0,1,0,0,0,1,1,1,0,0,1,0,0,1,0,0,1,1,0,1,0,1,1,0,0,0,1,0,1,1,1,0,0,1,1,0,0,1,0,1,1,0,0,0,0,1,0,0,1,0,0,0,0,0,0,1,0,1,0,0,0,0,1,0,1,0,1,0,1,0,0,1,0,0,1,1,0,0,0,1,0,0,0,0,1,1,0,0,0,0,0,1,1,0,1,0,1,1,0,0,0,1,1,1,0,0,1,0,1,0,0,1,0,0,0,1,0,1,1,0,1,0,0,1,1,1,0,0,0,0,0,0,0,1,0,1,0,1,1,1,1,1
63,0,1,1,0,0,0,1,0,0,1,1,1,1,0,0,1,0,0,0,0,1,1,0,0,1,1,1,1,0,0,0,0,1,1,1,0,1,1,1,1,1,0,0,0,0,0,1,0,1,0,1,1,0,0,0,0,0,1,0,0,1,1,1,1,1,1,0,1,0,0,1,1,1,1,0,1,1,0,0,1,0,1,0,0,0,1,0,1,1,0,1,1,0,0,1,0,0,1,0,0,0,1,0,0,1,0,1,1,1,1,0,0,1,0,1,0,0,0,0,0,1,1,1,0,1,1,1,0,1,0,1,0,0,0,0,0,0,1,0,1,1,1,1,0,1,1,1,1,1,1,0,0,0,0,0,0,1,0,1,0,0,1,0,1,0,0
64,1,1,0,1,1,0,0,0,0,1,1,1,1,0,0,0,1,1,0,1,1,0,0,1,0,0,1,0,1,1,0,0,0,1,0,1,0,1,1,0,1,1,1,1,1,1,1,1,0,1,0,1,0,1,0,1,0,1,0,1,0,1,1,1,0,1,0,0,1,1,1,1,0,0,1,0,1,0,1,0,0,1,0,1,1,0,1,1,0,1,0,1,0,1,0,1,1,0,1,0,0,1,0,1,1,1,0,0,1,0,0,0,0,1,0,0,0,0,0,0,1,1,0,0,0,1,0,1,1,0,1,1,1,0,0,1,1,0,0,0,1,1,1,0,0,0,0,1,1,0,0,1,0,0,1,0,1,0,0,0,1,1,1,0,1,1
65,1,1,1,1,0,0,0,0,1,0,1,0,0,1,0,1,1,0,0,1,0,1,1,1,0,0,0,0,0,1,0,0,0,0,0,1,0,1,1,1,1,1,0,1,1,0,0,1,1,0,1,0,0,1,0,0,1,0,0,1,0,1,0,1,0,1,1,0,0,1,1,0,0,1,1,0,1,0,0,1,1,0,0,1,0,1,0,0,1,1,1,1,0,0,0,1,0,1,1,0,0,1,1,0,1,1,1,1,0,1,1,0,1,0,0,0,1,0,0,1,0,1,0,1,1,0,1,0,1,0,1,1,1,0,0,1,0,0,0,0,0,0,1,1,1,0,0,1,1,0,1,1,0,1,1,0,1,0,0,0,1,1,0,0,0,0
66,1,0,1,0,0,0,0,1,1,0,0,0,0,1,1,1,1,0,0,1,0,1,0,1,1,1,1,1,1,1,1,1,0,1,1,0,0,1,0,1,0,1,0,0,0,1,1,1,0,1,1,1,1,1,0,1,1,1,1,0,1,0,0,1,1,0,1,0,0,0,1,0,0,1,1,1,1,1,1,1,1,0,1,0,0,0,1,0,1,1,1,0,0,0,0,0,1,0,0,0,1,1,0,1,1,0,1,1,1,0,1,0,1,0,1,0,0,1,1,0,1,1,0,0,0,1,1,0,0,0,1,1,0,0,0,0,0,1,1,1,0,0,0,1,1,0,1,1,1,1,0,0,0,1,1,0,1,1,0,0,1,1,1,0,1,1
67,0,1,0,1,0,1,0,1,1,0,0,0,1,1,0,1,1,0,1,1,1,0,0,0,1,1,1,1,0,0,1,1,1,0,0,1,0,0,0,1,0,0,0,1,1,0,0,1,0,1,0,1,1,1,1,1,0,1,1,1,1,0,1,0,1,0,1,1,1,1,1,1,1,1,1,1,0,0,1,0,1,1,1,0,1,1,1,1,1,1,1,0,1,1,0,1,0,0,0,1,1,1,0,1,1,1,1,0,0,0,1,1,1,1,0,0,0,1,1,1,1,0,1,1,1,1,1,0,1,1,0,0,0,0,1,0,1,1,0,0,1,1,0,1,0,1,1,0,1,0,0,1,1,1,1,1,1,0,1,0,1,0,0,0,1,0
68,1,0,0,1,0,1,0,1,0,0,0,1,0,0,0,1,1,1,1,1,1,1,1,1,1,0,1,1,1,1,0,0,1,0,0,0,1,1,0,0,0,1,1,1,0,0,1,1,1,1,0,0,0,0,1,1,0,0,0,1,1,0,0,1,1,1,1,0,1,0,0,1,0,1,0,1,0,1,1,1,0,0,0,1,0,1,1,0,0,1,1,1,1,0,1,0,0,0,1,0,0,1,0,1,0,0,0,0,0,0,0,1,1,0,1,1,0,1,0,0,0,0,1,1,0,1,1,1,1,1,1,0,0,0,1,1,0,1,1,0,1,0,1,1,1,1,0,1,0,0,1,0,0,1,0,0,1,1,0,1,1,1,1,1,0,1
69,0,0,1,1,1,1,1,0,1,1,1,1,1,0,0,1,0,0,1,1,0,1,0,1,1,1,0,1,0,1,1,0,0,0,0,1,0,0,1,0,1,0,0,0,0,1,0,0,1,1,0,0,0,1,1,0,1,0,1,1,0,1,0,0,0,1,1,0,1,0,0,1,1,0,0,0,1,1,0,1,0,0,1,0,1,0,1,1,0,1,1,1,1,0,0,0,0,1,0,0,1,1,0,0,1,0,1,1,0,0,1,0,0,0,0,1,1,0,0,1,1,0,1,0,0,0,0,0,1,0,1,1,1,1,0,0,1,1,0,1,0,0,1,0,1,1,1,0,0,1,0,1,0,1,1,1,1,1,1,0,0,0,1,1,1,0
70,0,1,0,0,1,1,1,1,1,1,0,1,0,0,1,1,0,0,0,1,1,1,1,0,1,1,1,0,1,0,1,1,0,0,0,1,1,1,0,1,1,1,1,0,0,1,1,0,1,1,0,1,1,1,1,1,0,1,1,0,0,0,1,1,1,1,1,0,0,0,0,1,0,0,0,1,0,1,0,0,0,0,1,0,1,0,1,0,0,1,1,1,0,0,0,1,0,1,1,0,0,0,0,0,1,1,1,0,1,0,0,1,1,1,0,1,0,1,0,1,0,0,0,0,1,0,0,0,1,0,1,1,0,1,1,0,0,1,0,0,1,0,1,1,1,0,1,0,0,0,1,1,0,1,1,1,0,0,1,0,1,1,1,1,0,0
71,1,1,0,1,1,0,0,1,1,1,1,0,0,0,1,1,1,0,1,0,0,0,0,1,1,0,1,0,1,1,1,1,0,1,1,0,0,0,0,0,0,0,0,0,1,0,0,0,0,1,0,0,1,0,0,1,1,1,0,1,1,1,1,0,0,0,0,1,1,1,1,1,1,1,0,0,0,0,0,0,1,1,1,0,1,1,0,1,1,0,1,0,0,0,0,1,1,1,0,1,0,1,0,1,0,1,0,0,1,1,1,0,0,0,0,0,1,1,0,1,1,1,0,0,0,0,0,0,1,1,0,0,1,0,1,1,0,1,0,0,1,1,0,0,0,1,1,0,1,0,0,0,0,0,0,1,1,0,1,1,1,1,0,0,1,0
72,0,0,1,1,1,0,1,1,1,1,0,0,1,1,1,0,0,0,0,0,0,0,1,1,0,1,1,0,0,0,1,0,0,1,1,0,0,0,0,0,0,1,1,1,1,1,1,0,0,0,0,1,1,0,0,0,1,0,0,1,1,0,0,1,0,0,0,0,1,1,1,1,0,1,0,0,1,1,1,0,0,0,0,0,1,0,0,1,0,0,1,1,1,1,0,0,0,1,1,0,0,1,0,1,0,1,1,0,1,1,1,1,1,0,0,0,0,0,1,1,1,0,1,0,0,0,0,0,0,0,1,1,1,1,0,1,1,1,1,0,0,1,0,0,0,1,0,0,1,0,0,1,0,0,0,0,1,0,0,1,0,0,1,0,1,0
73,0,1,0,1,1,1,1,0,0,0,1,0,0,1,0,0,1,0,0,0,0,1,0,1,1,1,1,0,1,1,1,1,0,1,1,0,1,1,0,0,0,1,0,1,0,0,1,0,1,1,1,0,1,0,0,1,1,1,0,0,1,1,0,1,0,0,1,0,1,0,1,1,0,1,0,0,1,0,1,1,0,0,1,1,1,0,1,0,0,0,1,0,0,1,0,1,0,1,0,1,1,0,1,1,0,0,0,1,1,1,1,0,1,1,0,1,1,1,0,1,0,1,0,1,0,1,0,0,0,1,1,1,1,1,0,0,1,1,1,0,0,0,1,0,0,1,1,1,1,0,1,0,1,1,0,0,0,1,1,0,0,1,0,1,0,0
74,1,0,0,1,0,1,1,1,0,0,1,0,0,1,1,0,1,0,1,0,0,1,1,1,1,0,1,0,1,0,1,1,0,1,1,1,1,1,0,0,0,0,1,1,0,1,1,0,0,0,1,0,1,1,1,0,1,1,1,1,0,0,1,0,1,1,0,1,1,1,0,1,0,1,1,0,1,0,0,0,0,1,0,0,0,0,1,1,1,0,0,1,1,0,0,1,0,1,0,0,0,1,1,0,0,0,0,1,1,1,1,0,0,1,1,0,0,1,0,0,1,0,0,1,1,1,1,0,0,1,0,1,1,0,0,0,1,0,0,1,1,0,0,1,0,1,0,0,0,1,1,0,1,1,1,1,1,1,0,1,1,0,1,1,0,1
75,0,0,0,0,0,1,1,0,0,1,0,0,0,0,0,0,1,0,0,0,0,1,1,0,1,0,0,1,0,1,1,0,0,1,0,0,0,0,1,0,0,0,0,0,0,0,1,1,1,1,1,0,1,1,1,1,0,1,0,1,1,0,0,0,1,1,1,1,1,1,0,0,1,0,0,0,0,1,1,0,1,0,0,1,1,0,0,1,1,1,0,1,0,0,1,1,0,0,0,0,1,0,0,1,1,0,1,0,0,1,0,0,1,0,0,0,1,0,1,1,1,0,1,1,1,1,1,0,1,0,0,0,1,0,0,0,0,1,0,1,1,1,1,1,1,0,0,0,0,0,1,1,1,1,0,0,0,0,0,0,1,1,1,1,1,1
76,0,0,0,0,0,0,0,0,0,0,1,0,0,0,1,0,0,0,1,1,0,1,0,0,0,1,1,0,1,0,0,0,1,0,1,0,0,0,0,1,1,1,1,0,1,1,0,1,1,1,0,1,1,1,0,0,0,0,1,1,0,0,0,0,0,0,0,1,1,0,1,1,0,0,0,0,0,1,0,0,1,0,1,1,1,1,1,0,0,1,0,1,0,1,0,0,0,1,1,1,0,1,1,0,0,0,0,0,0,0,0,0,0,0,0,1,1,1,1,1,1,1,0,0,1,0,1,0,0,1,1,0,1,0,1,0,1,0,1,0,0,0,0,1,1,1,1,1,0,1,1,0,0,1,0,1,0,0,0,0,1,1,1,1,1,1
77,0,0,0,1,0,0,1,1,0,1,1,0,1,0,0,0,1,1,0,0,0,1,1,1,0,1,1,0,1,1,1,1,1,0,0,0,1,0,1,1,1,1,1,1,1,1,1,1,1,0,0,1,0,1,0,1,1,1,1,1,0,0,1,1,1,1,1,0,0,1,0,0,1,1,0,1,1,1,1,0,0,1,1,0,0,0,0,0,0,0,0,1,1,0,0,1,1,1,0,0,0,0,1,1,0,1,1,1,1,1,0,0,0,1,1,0,0,1,0,1,1,0,0,1,1,1,0,1,1,1,0,0,1,0,1,0,1,1,1,0,0,0,0,1,1,1,0,1,1,0,1,0,0,0,1,0,0,0,0,0,1,0,1,1,1,0
78,1,1,0,0,1,0,0,0,1,1,0,0,1,1,1,0,0,0,1,0,1,0,0,1,1,0,1,1,1,1,1,0,0,0,1,0,1,1,1,0,1,1,0,1,0,1,1,1,0,1,1,0,1,1,1,0,1,0,1,1,1,0,0,1,0,0,0,0,0,0,0,0,0,0,0,1,1,0,1,0,0,0,1,0,1,1,0,1,1,0,1,0,0,1,1,1,0,1,1,0,1,0,1,1,1,0,0,1,1,1,0,1,0,1,1,0,0,1,0,0,1,0,1,1,1,0,0,1,1,1,1,1,1,1,0,0,1,1,0,0,0,1,1,0,0,1,0,1,1,0,1,0,1,1,0,1,1,0,0,1,0,1,1,1,1,0
79,1,1,0,0,0,0,1,0,1,0,0,0,0,0,1,1,1,0,0,0,1,0,0,1,0,0,0,1,1,0,0,0,1,1,0,1,1,0,0,0,0,0,1,0,0,0,1,0,1,1,1,0,1,1,1,0,0,0,1,1,0,1,1,0,1,1,0,0,1,0,1,0,0,1,0,1,1,0,0,1,1,0,0,1,1,0,0,1,1,0,0,0,1,0,0,0,1,1,1,0,0,1,1,1,1,0,0,0,1,0,1,1,1,1,1,0,1,0,1,0,0,1,0,0,1,0,0,1,1,0,1,1,1,1,1,0,1,0,0,0,1,0,1,0,1,1,0,0,0,1,0,0,0,1,0,1,1,0,1,1,1,0,1,0,1,1
80,0,1,0,0,0,1,0,1,0,1,1,1,1,0,0,1,1,0,0,1,1,1,1,1,1,0,0,1,1,1,0,1,0,1,1,0,1,1,0,0,0,1,0,1,1,1,1,1,0,0,1,0,1,0,1,0,0,0,0,0,1,0,1,1,0,0,1,1,0,1,0,0,0,1,0,0,0,1,0,0,1,0,0,1,0,1,1,1,1,1,0,1,0,1,1,0,1,0,1,0,1,1,0,1,1,1,0,0,1,1,0,1,1,1,0,0,1,0,1,0,0,1,0,1,0,0,0,0,0,1,1,1,1,0,1,0,0,0,1,0,1,1,0,0,0,1,1,0,1,0,1,1,1,0,0,0,1,1,1,1,0,1,0,0,0,1
81,1,0,1,1,1,0,0,0,1,0,0,1,1,0,1,0,1,1,1,0,0,0,1,0,0,0,1,0,0,1,1,0,0,1,0,0,0,0,0,0,1,1,0,0,0,1,0,1,1,1,0,1,1,1,0,0,1,0,0,1,0,0,0,0,0,0,0,0,1,0,1,1,0,0,0,1,0,0,0,1,0,1,1,1,0,1,0,0,1,0,0,0,1,1,1,1,0,0,1,0,1,1,0,0,1,1,1,0,0,1,1,0,1,0,0,0,1,0,1,1,1,0,1,1,1,1,0,0,0,0,1,1,1,1,0,0,1,0,0,0,0,1,0,1,0,0,1,0,1,1,1,1,0,1,0,1,0,1,0,0,0,1,1,0,0,0
82,0,0,0,0,1,1,1,1,1,1,1,0,1,1,0,0,0,0,1,0,1,0,1,1,0,0,0,1,0,1,0,1,1,0,0,0,0,0,0,1,1,1,0,1,0,0,0,1,1,1,1,1,0,0,0,1,1,1,0,0,1,0,0,0,0,1,0,0,0,0,1,1,0,1,1,0,1,1,0,0,0,1,0,0,1,0,1,0,1,1,1,1,1,1,0,0,1,0,1,0,0,0,1,1,0,0,0,0,1,1,0,1,0,1,0,1,1,1,0,1,0,0,1,1,1,1,0,1,1,1,1,1,0,0,1,1,0,1,1,1,1,0,0,0,1,1,1,0,0,1,0,1,1,1,1,0,1,1,0,0,1,0,1,0,0,1
83,0,1,0,0,0,0,1,0,0,0,1,1,0,0,0,0,0,1,1,1,1,0,1,1,1,1,0,0,1,1,0,0,0,0,1,1,0,0,0,1,1,0,1,1,0,1,0,0,0,0,1,0,0,0,1,0,1,1,1,1,1,1,1,0,0,1,0,0,1,0,1,1,1,1,1,0,1,0,0,1,0,0,0,0,0,1,0,0,0,1,0,0,0,1,0,1,0,0,0,0,1,0,0,0,0,1,1,1,1,1,0,1,1,1,1,1,0,1,0,1,1,1,0,1,0,1,1,0,1,1,0,1,1,0,1,1,1,0,1,0,0,0,1,0,1,0,0,0,0,0,1,0,0,0,1,0,1,0,0,1,1,0,0,1,0,0
84,0,0,0,1,1,1,0,0,1,0,0,0,1,1,0,0,1,0,1,1,0,0,1,0,0,0,1,1,0,1,0,0,1,1,1,0,0,0,1,0,1,0,0,0,1,0,1,0,0,0,0,1,1,1,0,0,1,1,0,0,1,0,0,0,0,1,1,0,0,1,0,0,0,0,1,1,0,1,1,1,0,1,0,1,0,1,1,1,0,1,0,0,0,0,1,1,1,1,1,1,0,1,1,1,0,0,0,1,1,0,1,0,0,0,1,0,1,0,1,1,0,0,0,1,1,1,0,1,0,0,0,0,0,0,1,1,0,0,0,1,0,1,0,0,0,1,0,0,0,1,1,0,1,0,0,1,1,1,1,1,1,0,0,0,1,1
85,1,0,0,1,0,0,1,1,0,0,0,0,1,0,1,1,0,1,0,0,0,1,1,0,1,0,0,1,0,0,0,0,1,0,1,1,0,0,0,0,0,1,1,0,1,1,0,1,1,0,0,1,1,0,0,1,0,1,0,0,0,1,1,0,1,1,0,0,0,1,0,1,0,0,0,1,1,1,0,1,0,1,1,0,0,0,1,0,1,1,0,0,0,1,1,0,1,1,0,0,0,1,1,1,1,1,1,1,1,0,0,1,1,0,1,1,1,1,0,1,0,0,1,1,0,1,1,0,1,1,1,1,1,0,1,1,1,1,1,0,1,0,1,0,0,0,0,0,0,1,1,0,0,0,1,0,1,0,0,0,0,0,0,1,1,1
86,1,1,0,1,0,0,0,1,0,0,0,1,0,0,0,0,0,0,0,1,0,0,1,1,1,0,0,1,0,1,0,1,0,0,0,1,0,1,1,0,0,1,1,1,0,1,1,1,1,1,1,1,1,0,0,1,1,0,1,1,1,0,0,1,1,0,0,0,1,1,0,1,0,1,0,0,1,0,0,1,0,0,1,1,0,1,0,0,0,0,0,1,1,0,0,1,0,1,0,1,1,0,1,1,1,0,1,1,1,1,1,0,1,1,1,0,0,0,0,1,0,1,1,0,0,0,0,0,0,1,1,1,0,1,1,0,0,1,1,1,0,1,0,0,0,0,0,0,1,1,1,0,1,0,1,1,1,1,0,0,0,0,0,0,0,1
87,1,0,0,1,1,1,0,0,0,0,1,0,1,1,1,0,1,0,1,1,0,0,1,0,1,0,1,1,1,0,0,0,0,0,1,0,1,1,0,0,0,1,0,1,1,1,1,0,0,0,1,0,1,1,0,1,1,1,0,0,1,1,1,1,0,0,1,0,0,0,0,1,0,0,0,0,0,0,0,1,1,0,1,1,0,0,1,1,0,1,1,0,1,0,1,0,0,1,1,0,1,0,1,1,0,1,1,0,0,1,0,1,0,1,1,1,0,1,0,1,1,1,1,0,0,1,1,0,1,1,0,0,0,0,0,0,0,1,1,1,1,1,0,1,1,0,1,0,1,0,1,0,1,0,0,0,1,1,0,0,1,1,0,0,1,1
88,0,0,1,1,0,0,0,0,0,0,0,0,0,0,1,1,1,0,0,0,1,1,1,1,0,0,0,1,0,1,1,1,1,1,1,0,0,0,0,1,1,1,0,1,0,0,1,1,1,0,1,0,1,0,1,1,0,1,0,0,0,1,0,0,1,1,1,0,1,1,0,1,1,1,1,0,1,1,0,1,1,1,0,0,0,1,1,0,1,1,1,1,1,1,1,1,0,1,0,1,1,0,0,0,1,1,1,1,1,0,0,0,0,0,1,1,0,0,1,0,1,1,0,0,0,0,0,0,1,1,1,0,0,0,0,0,0,1,1,0,1,1,0,0,0,1,0,1,0,0,1,1,1,0,1,1,0,1,0,1,0,1,0,1,0,1
89,0,0,0,1,1,1,0,1,0,0,0,1,1,0,1,1,1,1,1,1,0,0,0,0,1,0,1,1,1,0,0,1,1,0,0,0,1,1,0,1,0,1,1,1,1,1,0,1,0,0,0,1,1,1,0,0,0,1,0,1,1,1,1,0,0,1,1,0,0,0,1,1,0,1,0,0,1,1,1,1,0,0,0,0,0,1,0,1,1,1,0,0,1,1,1,1,1,0,0,1,0,0,1,0,0,0,1,0,0,0,0,0,0,0,0,0,0,1,0,1,0,1,0,0,1,1,0,0,0,1,0,0,0,1,1,1,1,1,1,1,1,1,0,0,0,1,0,0,1,1,1,0,1,0,0,1,1,1,0,0,0,0,0,1,0,0
90,1,1,0,1,0,1,0,1,0,0,0,1,1,0,1,0,1,1,0,0,0,0,1,1,1,0,0,0,1,0,0,0,1,0,0,1,0,0,0,1,0,1,1,1,1,0,1,1,0,1,1,1,0,1,0,0,1,0,0,1,1,0,1,1,1,1,0,0,1,1,0,0,0,0,0,0,0,1,0,1,0,1,1,1,1,1,0,1,0,1,1,1,0,1,1,0,1,1,1,0,1,1,0,1,1,0,0,1,0,0,1,1,0,0,1,0,0,1,0,0,1,1,0,1,0,1,1,1,1,0,1,0,0,1,1,1,0,0,0,1,0,1,1,0,1,1,1,1,0,1,0,0,1,0,1,1,1,1,1,1,1,1,1,1,0,0
91,0,1,0,1,1,1,1,1,1,1,0,0,0,1,1,1,1,0,0,1,0,0,1,1,1,1,1,1,1,0,1,0,1,0,1,1,0,1,0,1,0,1,1,1,0,1,1,0,0,0,1,0,0,0,1,0,0,0,1,1,1,0,1,1,0,1,1,1,1,0,0,1,1,0,1,1,0,0,0,0,0,1,0,1,0,0,1,0,1,1,1,0,1,0,0,1,1,1,0,0,0,0,0,0,0,1,0,0,0,1,1,1,0,0,1,1,0,1,1,0,0,1,0,0,0,1,0,1,0,1,0,0,0,1,1,1,0,0,1,0,0,0,1,0,0,0,1,0,1,0,1,0,1,0,1,1,1,1,0,1,1,1,0,1,1,1
92,1,0,0,0,0,0,1,0,1,1,0,0,0,1,0,1,0,0,1,0,0,0,0,1,0,1,1,0,1,0,1,1,1,0,1,1,1,1,0,0,1,0,0,0,1,0,1,0,0,1,1,0,0,1,0,1,0,0,1,0,0,1,0,0,1,0,1,0,1,1,0,1,0,1,1,1,0,1,0,1,1,0,1,0,1,0,0,1,0,0,1,0,0,1,1,1,1,1,0,0,1,1,1,1,1,1,0,1,0,0,0,0,1,0,0,0,1,1,1,0,0,1,1,1,0,0,1,0,1,1,0,0,1,0,0,0,0,1,0,1,0,1,1,0,0,1,0,1,1,1,1,0,1,0,1,0,0,0,1,0,1,1,1,1,0,0
93,0,1,0,0,1,1,0,1,1,1,0,0,1,0,1,1,0,1,0,1,0,0,0,1,1,1,0,1,0,0,0,0,1,0,0,0,0,1,1,0,1,0,1,0,1,0,1,1,1,0,0,1,1,1,1,0,1,1,0,0,1,1,1,1,1,1,1,0,1,0,0,1,0,1,0,1,0,1,1,0,1,0,0,0,0,1,1,0,0,0,1,0,0,1,1,1,1,1,1,0,0,0,1,1,0,1,1,0,0,0,1,0,1,0,0,0,0,0,0,1,1,1,0,0,1,0,1,0,1,0,1,1,1,1,1,0,1,1,1,0,0,0,0,1,0,1,0,0,0,1,0,0,1,0,1,0,1,1,1,0,0,0,0,0,0,0
94,1,0,0,1,1,1,0,1,0,1,0,1,0,1,1,1,1,0,0,1,1,0,1,0,1,1,0,0,1,1,0,0,1,1,1,0,0,0,1,1,1,1,0,1,0,0,0,1,1,0,0,0,1,0,0,0,1,1,1,0,0,1,0,1,1,1,1,0,0,0,1,0,0,0,0,1,1,1,0,1,0,1,0,0,0,0,0,0,1,1,1,0,0,1,1,1,1,1,0,1,0,0,0,0,1,0,1,1,1,1,1,1,0,0,0,1,0,0,0,1,0,1,0,1,0,0,0,1,0,1,0,0,0,1,1,1,1,1,0,0,1,1,0,1,0,0,0,0,0,0,0,0,0,0,1,1,1,1,1,1,1,0,0,0,1,1
95,1,1,0,1,1,0,0,1,1,1,0,0,1,0,0,1,1,1,1,1,1,0,1,1,0,1,1,1,1,0,0,1,0,1,0,0,0,0,0,0,0,0,1,1,1,0,0,0,1,0,1,0,1,1,1,1,1,0,1,0,1,1,1,1,1,0,1,0,1,0,0,0,0,1,1,0,1,0,1,0,1,0,0,1,0,0,1,1,1,0,0,1,0,1,0,1,0,1,1,1,0,0,1,1,0,1,0,0,1,0,1,0,1,1,0,0,1,0,1,0,1,1,0,0,1,1,1,0,0,0,1,0,0,1,1,1,1,0,1,1,0,0,1,0,0,1,0,1,0,0,0,0,0,0,0,0,0,0,0,1,1,1,1,0,1,1
96,0,1,0,0,1,1,1,1,0,1,0,0,0,0,1,0,0,1,0,0,0,0,0,1,1,0,1,0,1,1,0,0,0,0,1,0,1,1,1,1,1,0,1,0,1,1,0,0,0,0,0,0,0,0,1,1,0,1,1,1,0,1,1,0,0,1,1,1,1,0,0,1,1,1,0,0,1,0,1,1,0,1,1,1,1,1,0,1,0,0,1,0,0,1,1,0,0,0,1,1,1,1,0,1,1,1,1,1,0,0,0,0,0,0,1,0,0,1,0,0,1,1,0,1,0,1,1,1,1,0,0,1,1,1,0,0,1,1,0,1,1,1,1,0,0,1,1,0,0,0,0,1,1,0,1,1,1,0,1,1,1,1,0,0,1,0
97,0,0,1,0,0,1,0,1,0,0,0,0,1,1,1,0,1,0,1,0,1,1,0,1,0,0,0,0,0,1,0,0,0,0,1,1,0,0,0,0,1,0,1,1,1,0,0,1,0,1,1,1,0,1,1,0,1,1,0,1,1,0,1,0,0,0,1,1,1,1,0,0,1,0,0,1,1,1,0,1,0,0,0,1,1,1,1,1,1,0,0,0,1,0,1,1,0,1,0,1,1,1,0,0,0,0,0,1,0,0,1,1,1,1,0,0,1,1,1,0,1,1,1,0,1,1,0,0,0,0,0,0,0,0,1,0,0,1,0,1,0,1,0,1,0,1,1,0,0,0,1,0,1,0,1,1,0,1,0,1,1,1,0,0,1,0
98,1,1,1,1,1,0,0,1,1,1,1,0,1,1,1,0,1,0,0,0,0,0,1,1,0,0,0,1,0,1,0,1,0,0,0,1,0,0,1,0,1,0,0,0,0,1,1,0,0,1,1,1,0,0,0,1,0,0,1,0,0,1,0,1,1,1,1,1,0,0,1,0,0,1,1,1,0,1,1,0,1,0,1,0,1,1,0,0,1,1,1,0,0,1,1,1,0,0,0,1,1,0,0,1,0,0,0,1,0,0,1,0,1,1,0,0,0,0,1,0,1,1,0,0,1,0,1,0,1,1,0,1,1,1,1,1,1,0,0,1,0,0,0,0,0,1,1,0,1,0,1,0,1,0,1,0,1,0,1,0,0,1,0,1,0,1
99,0,1,1,1,1,0,0,0,0,1,0,1,0,1,1,1,0,1,0,1,0,1,0,0,0,0,1,1,1,0,1,1,1,1,1,0,1,1,1,0,0,0,1,0,1,0,0,0,0,0,1,0,0,1,0,1,1,0,1,0,0,0,0,0,1,0,0,0,0,0,0,1,1,0,1,0,1,0,0,1,1,1,1,0,0,0,1,0,0,0,0,0,0,1,0,1,0,1,0,0,1,1,1,1,1,0,1,1,1,0,1,0,0,0,0,0,0,0,1,0,1,0,1,1,0,0,0,1,0,1,1,0,0,1,1,0,1,1,0,1,1,1,0,0,1,1,1,0,1,0,0,1,1,0,0,1,0,1,1,1,0,0,1,0,1,1
